{"cameraMode":{"drawMode":0,"name":"Shaded","section":"Shading Mode"},"sceneLighting":true,"audioPlay":false,"sceneViewState":{"m_AlwaysRefresh":false,"showFog":true,"showSkybox":true,"showFlares":true,"showImageEffects":true,"showParticleSystems":true,"showVisualEffectGraphs":true,"m_FxEnabled":true},"in2DMode":false,"pivot":{"x":52.691322326660159,"y":1.608255386352539,"z":31.719823837280275},"rotation":{"x":0.024127434939146043,"y":-0.07082244008779526,"z":-0.0017145674210041762,"w":-0.9972026348114014},"size":48.458343505859378,"orthographic":false}