{"cameraMode":{"drawMode":0,"name":"Shaded","section":"Shading Mode"},"sceneLighting":true,"audioPlay":false,"sceneViewState":{"m_AlwaysRefresh":false,"showFog":true,"showSkybox":true,"showFlares":true,"showImageEffects":true,"showParticleSystems":true,"showVisualEffectGraphs":true,"m_FxEnabled":true},"in2DMode":false,"pivot":{"x":4.816634654998779,"y":-4.0563554763793949,"z":0.6796455383300781},"rotation":{"x":0.004181108437478542,"y":0.0665474683046341,"z":0.0002789511636365205,"w":-0.997775137424469},"size":11.757168769836426,"orthographic":false}