{"cameraMode":{"drawMode":0,"name":"Shaded","section":"Shading Mode"},"sceneLighting":true,"audioPlay":false,"sceneViewState":{"m_AlwaysRefresh":false,"showFog":true,"showSkybox":false,"showFlares":true,"showImageEffects":true,"showParticleSystems":true,"showVisualEffectGraphs":true,"m_FxEnabled":true},"in2DMode":false,"pivot":{"x":26.852596282958986,"y":-9.914422988891602,"z":-7.761455535888672},"rotation":{"x":-0.007809147704392672,"y":0.009596792981028557,"z":-0.00007485440437449142,"w":-0.9999243021011353},"size":16.625226974487306,"orthographic":false}