{"cameraMode":{"drawMode":0,"name":"Shaded","section":"Shading Mode"},"sceneLighting":true,"audioPlay":false,"sceneViewState":{"m_AlwaysRefresh":false,"showFog":true,"showSkybox":true,"showFlares":true,"showImageEffects":true,"showParticleSystems":true,"showVisualEffectGraphs":true,"m_FxEnabled":false},"in2DMode":false,"pivot":{"x":27.049257278442384,"y":-1.3237344026565552,"z":-7.623455047607422},"rotation":{"x":-0.007809147704392672,"y":0.009596792981028557,"z":-0.00007485440437449142,"w":-0.9999243021011353},"size":24.029273986816408,"orthographic":false}